


INSERT INTO appUser(userID,userPassword,firstName,lastName,phone) 
VALUES
(1,"AOY71IUZ3FQ","Charde","Morse","16460329 5595"),
(2,"THN65TJS3UA","Kendall","Freeman","16110422 9362"),(3,"XPO09FJL5JT","McKenzie","Hatfield","16640323 7123"),(4,"PDP15LCN3CI","Dai","Buckner","16280115 4994"),(5,"BQK68CQM9KL","Alexis","Gutierrez","16631008 8429"),(6,"AIN56ZAU5LX","Colleen","Curtis","16190524 4537"),(7,"YVP86ZPK8FB","Lynn","Merrill","16830230 7726"),(8,"AFG53YFI6XO","Calista","Wade","16740121 4080"),(9,"ZHF63ENF3AT","Melyssa","Gould","16991223 0514"),(10,"GDM75COS3FP","Rashad","Jackson","16820920 2533"),(11,"GHG63ZTD8TT","Karina","Solomon","16210110 2164"),(12,"UNM49LNT1PD","Allistair","Conway","16090823 4982"),(13,"RIB54YTF9FX","Maile","Lott","16951003 2619"),(14,"THU98ZQE6BC","Ira","Leon","16240417 9414"),(15,"BPE25ASX7HU","Aurora","Tate","16100606 7761"),(16,"RKM44BSU2ZL","Alden","Carson","16311106 7819"),(17,"XVW86GHW4WQ","Aiko","Barrett","16590809 1753"),(18,"JQK98NHY7MX","Allen","Duke","16090716 9643"),(19,"LPA23ICJ7TD","Upton","Bradley","16270817 6306"),(20,"AID56EJH3KX","Lacy","Sharp","16530410 4614"),(21,"TYV13NJD2DU","Chastity","Bruce","16251124 4879"),(22,"PKF82IIF2FR","Kessie","Pena","16971102 0165"),(23,"WZC92ARE6XB","Christen","Bowen","16951223 2720"),(24,"RLF36HEK2DA","Wyatt","Lancaster","16660316 5272"),(25,"YGM84VJJ3GQ","Gabriel","Watson","16040301 7072"),(26,"KWW32WNB5EC","Judah","Sims","16480123 7670"),(27,"CTB61GNY9RC","Keith","Hess","16380314 8463"),(28,"SBJ29IHE8OH","Inez","Aguirre","16080530 3989"),(29,"QON00QIF7YE","Fitzgerald","Browning","16880720 2992"),(30,"PCD92BCH3DQ","Merrill","Flynn","16290127 3082"),(31,"UYF91OIY2SZ","Ainsley","Green","16201017 8842"),(32,"STV83FMK1KL","Ariel","Wright","16061117 6850"),(33,"SLP27AQG3DE","Alan","Frost","16460408 2364"),(34,"OWU22JAH6YE","Ulla","Kirkland","16350225 1253"),(35,"NRQ70UDO1MW","Regan","Luna","16810813 9513"),(36,"QJO37VME4XK","Raphael","Watts","16990829 1660"),(37,"PYH46RXV2CE","Kylan","Higgins","16630430 3750"),(38,"VJO42FFW3JK","Alan","Townsend","16390118 4139"),(39,"VWM63DXU5MW","Rosalyn","Torres","16470317 1878"),(40,"EME21RSC8TK","Zoe","Combs","16290724 4293"),(41,"JZV06KJP0FS","Julie","Cooke","16681101 7984"),(42,"UGJ34HOG1DG","Kieran","Walker","16560608 3607"),(43,"HXC78ECN1BG","Cheyenne","Weeks","16921024 9695"),(44,"IYC01JZQ5NL","Isadora","Beck","16651023 7347"),(45,"XFP65GCI7RE","Trevor","Pollard","16650722 5065"),(46,"DIT96ZNI6IP","Hadley","Norman","16371129 7238"),(47,"OXD61WML6PY","Zenia","Lowery","16261005 7214"),(48,"BDO02VAL1UW","Sybill","Morrison","16220120 5248"),(49,"OYM90UQI8TK","Cailin","Ballard","16690401 6091"),(50,"LSX16IFD6SY","Andrew","Pitts","16140915 7409"),
(51,"RJG98TIIry","Varshitha","Dan","16150828 0277"),(52,"RJG9TIIry","Srihitha","Brown","11230828 0277"), (53,"RJG9TIIrwq","Dan","Brown","11230821 0277"),(54,"juJG9TIIry","Jef","Archer","11230828 0282"),(55,"bsJG9iIsfry","Dean","Koontz","11230828 9873"),(101,"RJG98TII8KL","Xaanthus","Dan","16150828 0287"),(102,"XCF93FSG4TT","Byyron","Dukea","16221115 5418"),(103,"SRK37BOZ5IH","Siigourney","Perryies","16160106 9823"),(104,"CDB66UZR6HV","Alexaa","Ashleys","16461006 8895"),(105,"YQW37DZQ4JT","Conaan","Rileyo","16350613 5257"),(106,"UOK74FPO9FS","Tatyanaa","Careyio","16991218 1205");


INSERT INTO healthMonitorAdmin(adminID,regLat,regLong,qualification) VALUES (101,"75.31306","158.84824", "mbds"), (102,"-28.85566","-147.51889", "mbys"), (103,"11.18702","-139.45895", "MD"), (104,"37.38335","16.48075", "nurse"), (105,"-36.35592","176.4482", "mbbs"), (106,"78.79077","-22.32224", "MD");


INSERT INTO address (zipcode,city,state) 
VALUES ("16503","Gaithersburg","MD"),("21421","New Orleans","LA"),("46833","Flint","Michigan"),("47822","Columbia","MO"),("35024","Montgomery","Alabama"),("99829","Ketchikan","Alaska"),("31365","Helena","MT"),("68241","Meridian","ID"),("60704","Kapolei","Hawaii"),("29778","Pike Creek","DE"),("72539","Savannah","GA"),("77000","Kearney","NE"),("28270","Jacksonville","FL"),("16250","San Antonio","Texas"),("42042","South Portland","Maine"),("71102","Augusta","Maine"),("15278","Grand Island","NE"),("65104","Houston","TX"),("72580","Fayetteville","Arkansas"),("67908","Reno","NV"),("75508","Norfolk","Virginia"),("33887","Allentown","PA"),("86995","Harrisburg","PA"),("98995","Fort Worth","TX"),("18164","Chattanooga","TN");

INSERT INTO lab (labID,labName,zipCode) 
VALUES (1,"In","29778"),
(2,"erat","67908"),
(3,"mus","16250"),
(4,"dolor","98995"),
(5,"etu","65104"),
(6,"vitae","42042"),
(7,"at","15278"),
(8,"tellus","72580"),
(9,"facilisi","28270"),
(10,"Pellentesque","15278"),
(11,"lacus","67908"),
(12,"id,","77000"),
(13,"est,","47822"),
(14,"allgou","15278"),
(15,"nisl","46833"),
(16,"mauris,","31365"),
(17,"Fusce","86995"),
(18,"nunc","75508"),
(19,"dignissim","65104"),
(20,"mollis","65104"),
(21,"malesuada","71102"),
(22,"libero","35024"),
(23,"dui","98995"),
(24,"Mauris","98995"),
(25,"at","72580"),
(26,"inpoguy","72580"),
(27,"cursus","72580"),
(28,"dolor","72539"),
(29,"rhoncus.","75508"),
(30,"commodo","72580"),
(31,"odioli","72539"),
(32,"lacusay","47822"),
(33,"consequat","33887"),
(34,"erat","72539"),
(35,"etpoy","42042"),
(36,"malesuada","16503"),
(37,"nonummy","65104"),
(38,"vel","21421"),
(39,"Aliquam","42042"),
(40,"nec","67908"),
(41,"utstar","16503"),
(42,"Nulla","86995"),
(43,"Mauris","99829"),
(44,"enimlo","67908"),
(45,"bibendum","77000"),
(46,"ligula","77000"),
(47,"Utrogger","77000"),
(48,"parturient","29778"),
(49,"apoil","21421"),
(50,"risus","72580");

INSERT INTO naiveUser (naiveUserID,gender,dob,immunoCompromised,lastSync,livingSituation,infectionStatus,zipcode) VALUES 
(1,"Male","56/10/09",TRUE,"2020-10-03 09:46:14","group","infected","46833"),
(2,"Male","72/01/13",TRUE,"2020-06-01 22:16:29","isolated","suspected","46833"),
(3,"Male","71/06/13",TRUE,"2020-09-28 03:06:18","group","not-infected","46833"),
(4,"Male","93/05/19",TRUE,"2021-01-26 07:14:09","isolated","not-infected","72539"),
(5,"Female","05/06/06",FALSE,"2020-04-17 06:15:19","isolated","not-infected","99829"),
(6,"Male","89/07/25",TRUE,"2019-08-05 20:08:26","group","not-infected","75508"),
(7,"Male","65/01/30",TRUE,"2021-05-14 22:38:24","isolated","suspected","46833"),
(8,"Male","51/09/26",FALSE,"2020-03-08 04:02:15","group","not-infected","75508"),
(9,"Female","12/09/18",TRUE,"2021-03-04 11:45:41","isolated","not-infected","75508"),
(10,"Male","87/02/14",TRUE,"2019-11-16 11:49:35","group","not-infected","72580"),
(11,"Female","95/04/18",TRUE,"2020-09-22 16:54:18","group","infected","46833"),
(12,"Male","61/12/31",FALSE,"2020-07-18 02:15:20","group","not-infected","15278"),
(13,"Male","74/04/30",FALSE,"2019-10-10 15:28:43","isolated","not-infected","15278"),
(14,"Male","86/10/06",TRUE,"2020-05-15 05:36:23","isolated","suspected","15278"),
(15,"Male","98/04/09",TRUE,"2020-12-05 03:56:32","isolated","infected","46833"),
(16,"Male","00/12/26",FALSE,"2020-06-09 01:10:37","group","infected","15278"),
(17,"Female","06/12/30",FALSE,"2020-04-27 01:41:20","group","not-infected","15278"),
(18,"Female","59/04/19",FALSE,"2020-09-23 19:59:03","group","not-infected","15278"),
(19,"Female","88/10/07",TRUE,"2020-07-04 09:33:26","isolated","not-infected","15278"),
(20,"Male","80/08/24",FALSE,"2021-01-05 17:10:06","group","infected","46833"),
(21,"Male","72/07/31",FALSE,"2020-01-20 18:43:14","isolated","not-infected","72580"),
(22,"Female","51/06/24",TRUE,"2019-11-22 13:55:43","isolated","not-infected","72580"),
(23,"Female","03/09/28",FALSE,"2020-07-03 03:27:40","isolated","not-infected","86995"),
(24,"Male","52/02/22",FALSE,"2020-07-01 18:27:18","isolated","suspected","86995"),
(25,"Male","72/11/19",FALSE,"2019-11-22 15:44:44","isolated","suspected","46833"),
(26,"Male","68/12/07",TRUE,"2020-12-30 22:50:06","isolated","suspected","86995"),
(27,"Female","83/10/01",FALSE,"2021-01-22 18:46:40","group","suspected","86995"),
(28,"Male","13/08/13",FALSE,"2020-08-11 16:42:35","group","not-infected","31365"),
(29,"Female","70/09/20",FALSE,"2020-03-16 17:11:34","isolated","infected","31365"),
(30,"Female","94/02/02",FALSE,"2020-09-19 04:01:44","group","not-infected","31365"),
(31,"Male","66/10/07",FALSE,"2021-02-21 23:15:13","isolated","not-infected","31365"),
(32,"Male","68/06/30",TRUE,"2020-02-19 16:54:31","group","infected","42042"),
(33,"Female","53/02/13",TRUE,"2021-01-20 09:10:00","isolated","not-infected","28270"),
(34,"Male","57/06/11",TRUE,"2021-05-21 02:33:10","group","not-infected","28270"),
(35,"Female","53/10/13",TRUE,"2019-12-31 07:43:27","group","suspected","28270"),
(36,"Female","60/05/04",TRUE,"2019-10-23 07:14:01","isolated","not-infected","21421"),
(37,"Female","01/08/14",FALSE,"2021-06-26 17:16:32","isolated","suspected","46833"),
(38,"Male","89/10/13",FALSE,"2019-08-08 17:42:46","group","not-infected","21421"),
(39,"Female","71/06/02",FALSE,"2020-08-04 03:19:38","group","not-infected","75508"),
(40,"Female","73/12/04",TRUE,"2021-04-29 01:17:08","group","not-infected","75508"),
(41,"Female","86/09/19",FALSE,"2021-03-16 15:49:52","isolated","not-infected","75508"),
(42,"Male","50/10/19",FALSE,"2019-07-21 00:28:53","group","infected","31365"),
(43,"Female","88/03/30",TRUE,"2020-05-15 12:06:35","group","infected","46833"),
(44,"Male","17/05/01",TRUE,"2019-09-27 10:03:08","isolated","not-infected","31365"),
(45,"Female","19/12/31",FALSE,"2019-10-09 20:26:20","group","infected","16250"),
(46,"Female","02/12/20",TRUE,"2021-01-26 02:50:49","isolated","suspected","16250"),
(47,"Female","80/07/07",TRUE,"2021-05-15 17:47:20","isolated","infected","46833"),
(48,"Female","75/08/06",TRUE,"2020-02-16 19:37:44","isolated","infected","21421"),
(49,"Male","08/01/27",FALSE,"2019-08-04 05:47:53","group","suspected","18164"),
(50,"Female","86/06/16",TRUE,"2020-06-01 23:49:07","isolated","infected","46833"),
(51,"Female","77/07/26",FALSE,"2020-12-11 15:54:34","group","infected","60704"),
(52,"Male","64/08/21",FALSE,"2021-03-22 09:06:29","group","suspected","60704"),
(53,"Female","86/09/11",TRUE,"2019-09-17 13:34:15","isolated","not-infected","60704"),
(54,"Male","16/01/13",FALSE,"2021-06-04 17:10:57","isolated","suspected","68241"),
(55,"Male","16/08/28",TRUE,"2021-01-04 01:56:59","isolated","not-infected","68241");

INSERT INTO symptom (symptomID,symptomName) VALUES 
(1,"tiredness"),(2,"Dry Cough"),(3,"Fever"),(4,"Chest Pain"),(5,"Shortness of Breath");

INSERT INTO survey (surveyID,temperature,maskWorn,dateOfSurvey,naiveUserID) VALUES (1,106,FALSE,"20/06/10",37),
(2,103,TRUE,"19/03/01",45),
(3,104,TRUE,"19/04/24",54),
(4,103,FALSE,"19/02/13",1),
(5,101,FALSE,"19/01/30",52),
(6,102,TRUE,"19/07/07",33),
(7,97,TRUE,"19/02/02",21),
(8,101,TRUE,"19/01/24",8),
(9,106,FALSE,"20/04/22",44),
(10,99,TRUE,"20/05/29",22),
(11,98,TRUE,"20/02/06",7),(12,103,FALSE,"20/01/24",46),(13,97,TRUE,"19/04/13",21),(14,100,FALSE,"20/04/09",3),(15,105,FALSE,"20/05/05",46),(16,100,TRUE,"19/01/20",34),(17,105,TRUE,"19/12/08",54),(18,101,TRUE,"19/12/08",22),(19,107,FALSE,"19/01/10",30),(20,103,TRUE,"19/12/16",25),(21,107,FALSE,"19/03/27",3),(22,104,FALSE,"19/10/26",22),(23,97,FALSE,"19/04/20",52),(24,96,FALSE,"19/11/11",34),(25,103,FALSE,"19/02/14",41),(26,98,FALSE,"20/05/30",19),(27,100,TRUE,"20/04/26",47),(28,96,FALSE,"20/06/04",1),(29,106,TRUE,"19/05/19",37),(30,102,TRUE,"19/01/18",36),(31,103,TRUE,"20/04/15",52),(32,106,FALSE,"20/05/26",21),(33,101,TRUE,"20/03/12",3),(34,104,FALSE,"19/08/05",44),(35,101,FALSE,"19/12/13",3),(36,102,FALSE,"20/05/16",18),(37,106,TRUE,"20/06/10",2),(38,102,FALSE,"19/11/10",8),(39,103,TRUE,"19/11/24",42),(40,98,TRUE,"19/07/08",3),(41,96,TRUE,"19/11/03",48),(42,102,TRUE,"19/03/12",23),(43,105,FALSE,"20/03/21",43),(44,100,TRUE,"20/05/18",4),(45,101,TRUE,"19/08/03",45),(46,99,FALSE,"19/07/12",41),(47,105,TRUE,"19/04/08",50),(48,103,FALSE,"19/12/17",31),(49,104,FALSE,"19/01/26",53),(50,99,FALSE,"19/10/02",48),(51,99,FALSE,"20/06/07",41),(52,101,FALSE,"19/03/18",45),(53,106,TRUE,"20/01/15",54),(54,98,TRUE,"20/05/10",49),(55,105,TRUE,"19/05/26",50),(56,97,FALSE,"19/09/08",13),(57,106,TRUE,"19/02/06",22),(58,102,FALSE,"19/01/25",24),(59,104,FALSE,"19/09/30",54),(60,97,TRUE,"20/04/02",10),(61,102,TRUE,"19/01/30",18),(62,106,FALSE,"20/04/24",51),(63,102,FALSE,"19/11/13",1),(64,102,TRUE,"19/12/31",23),(65,99,FALSE,"19/03/14",38),(66,101,FALSE,"19/08/25",7),(67,104,FALSE,"19/08/02",49),(68,104,TRUE,"19/09/03",17),(69,107,TRUE,"19/10/11",1),(70,102,FALSE,"20/05/21",53),(71,103,TRUE,"19/01/30",28),(72,99,TRUE,"20/02/16",14),(73,103,TRUE,"20/03/27",18),(74,102,TRUE,"19/09/18",24),(75,106,FALSE,"19/03/26",41),(76,103,TRUE,"19/01/20",39),(77,100,TRUE,"19/05/02",18),(78,100,FALSE,"19/08/18",33),(79,99,TRUE,"20/01/11",40),(80,98,FALSE,"20/04/30",5),(81,105,TRUE,"20/06/11",55),(82,104,FALSE,"19/08/15",43),(83,101,FALSE,"19/07/07",38),(84,100,FALSE,"19/08/11",8),(85,97,TRUE,"20/05/26",39),(86,101,TRUE,"20/05/06",21),(87,103,TRUE,"19/06/20",54),(88,107,FALSE,"20/05/03",9),(89,100,TRUE,"19/04/16",7),(90,100,FALSE,"20/04/27",5),(91,100,FALSE,"19/05/03",50),(92,106,TRUE,"19/10/19",24),(93,104,FALSE,"20/02/05",4),(94,96,TRUE,"19/06/29",41),(95,107,FALSE,"19/09/15",41),(96,103,TRUE,"19/05/01",13),(97,99,TRUE,"20/05/15",52),(98,99,FALSE,"20/05/05",40),(99,104,FALSE,"19/02/21",36),(100,97,TRUE,"19/10/24",25),
(101,102,TRUE,"20/02/05",16),(102,104,TRUE,"19/07/23",32),(103,99,TRUE,"19/01/15",39),(104,102,TRUE,"19/04/27",29),(105,98,TRUE,"19/09/08",32),(106,97,TRUE,"19/05/27",52),(107,98,TRUE,"19/01/14",39),(108,103,FALSE,"19/02/06",44),(109,103,TRUE,"19/06/19",7),(110,106,FALSE,"19/07/23",18),(111,106,FALSE,"19/01/06",12),(112,98,FALSE,"19/03/19",13),(113,103,TRUE,"20/03/10",21),(114,100,FALSE,"19/11/24",10),(115,101,FALSE,"20/03/23",34),(116,103,FALSE,"19/01/22",7),(117,96,FALSE,"20/03/27",50),(118,96,FALSE,"20/04/08",49),(119,98,TRUE,"20/01/27",20),(120,99,TRUE,"20/06/30",49),(121,104,TRUE,"19/03/14",27),(122,105,FALSE,"19/08/23",26),(123,96,FALSE,"20/04/10",29),(124,101,FALSE,"20/03/18",2),(125,104,TRUE,"19/05/30",25),(126,107,FALSE,"19/01/26",33),(127,100,FALSE,"19/07/16",13),(128,96,TRUE,"19/12/24",18),(129,104,FALSE,"19/06/22",41),(130,96,TRUE,"19/03/27",18),(131,97,TRUE,"19/03/01",22),(132,106,TRUE,"19/05/02",49),(133,98,TRUE,"19/07/19",44),(134,99,FALSE,"19/05/26",19),(135,102,TRUE,"19/05/29",36),(136,99,FALSE,"19/03/24",30),(137,106,TRUE,"20/03/26",9),(138,105,FALSE,"19/07/28",43),(139,102,FALSE,"19/11/30",15),(140,107,FALSE,"20/03/19",33),(141,105,FALSE,"20/04/22",52),(142,107,FALSE,"19/10/02",1),(143,97,FALSE,"19/10/29",34),(144,103,TRUE,"20/04/02",1),(145,104,FALSE,"19/12/07",44),(146,97,TRUE,"19/08/18",24),(147,98,FALSE,"20/02/01",47),(148,97,FALSE,"19/12/17",45),(149,99,TRUE,"20/06/12",11),(150,96,TRUE,"19/08/12",23),(151,102,FALSE,"19/05/09",52),(152,97,FALSE,"19/02/24",51),(153,104,FALSE,"19/08/03",55),(154,101,FALSE,"19/03/31",47),(155,101,FALSE,"20/04/05",31),(156,98,FALSE,"20/05/09",16),(157,97,FALSE,"20/03/03",24),(158,99,TRUE,"19/05/03",19),(159,102,TRUE,"19/08/30",13),(160,105,FALSE,"19/11/26",33),(161,100,FALSE,"19/01/28",48),(162,105,TRUE,"19/10/27",11),(163,103,FALSE,"20/03/29",11),(164,105,TRUE,"19/10/08",18),(165,100,TRUE,"19/12/16",16),(166,101,TRUE,"20/02/10",35),(167,98,FALSE,"19/04/15",44),(168,99,TRUE,"19/06/07",14),(169,105,FALSE,"19/06/01",34),(170,103,FALSE,"19/07/21",25),(171,101,TRUE,"19/03/24",1),(172,105,TRUE,"20/01/01",34),(173,104,FALSE,"19/02/05",25),(174,96,TRUE,"19/10/24",51),(175,97,FALSE,"20/01/19",55),(176,105,FALSE,"19/04/28",2),(177,102,TRUE,"19/01/07",12),(178,103,FALSE,"19/04/22",31),(179,107,TRUE,"20/04/09",18),(180,100,FALSE,"19/01/19",7),(181,98,TRUE,"19/02/21",11),(182,101,FALSE,"20/03/31",35),(183,104,FALSE,"19/05/24",1),(184,96,TRUE,"19/03/19",31),(185,100,TRUE,"20/04/19",19),(186,98,FALSE,"19/06/16",10),(187,99,TRUE,"19/03/31",45),(188,104,TRUE,"19/09/24",30),(189,96,TRUE,"20/02/17",38),(190,107,TRUE,"19/11/09",11),(191,98,TRUE,"19/05/02",48),(192,104,TRUE,"19/10/23",43),(193,102,FALSE,"19/08/24",15),(194,102,TRUE,"19/01/29",7),(195,106,FALSE,"19/12/04",31),(196,97,FALSE,"20/01/09",21),(197,105,FALSE,"19/02/18",19),(198,102,FALSE,"20/02/29",28),(199,100,FALSE,"19/03/02",49),(200,98,TRUE,"19/05/21",12);



INSERT INTO test (testID,testType,testDate,result,naiveUserID,labID) VALUES 
(1,"Antibody","19/09/22",FALSE,23,5),
(2,"RT-PCR","19/03/15",TRUE,29,1),
(3,"RT-PCR","19/03/20",FALSE,53,36),
(4,"RT-PCR","19/07/04",TRUE,50,21),
(5,"RT-PCR","19/12/11",TRUE,47,20),
(6,"Antibody","19/10/25",TRUE,20,50),
(7,"Antibody","20/05/04",TRUE,32,20),
(8,"RT-PCR","19/10/14",FALSE,32,43),
(9,"Antibody","19/01/04",TRUE,53,38),
(10,"Antibody","19/08/04",FALSE,9,11),
(11,"Antibody","19/09/26",TRUE,48,47),
(12,"Antibody","19/01/27",TRUE,45,36),
(13,"RT-PCR","20/04/16",FALSE,4,17),
(14,"RT-PCR","19/08/09",FALSE,3,22),
(15,"Antibody","20/02/04",TRUE,15,25),
(16,"Antibody","19/05/25",FALSE,21,3),
(17,"RT-PCR","19/01/13",TRUE,42,35),
(18,"RT-PCR","19/01/18",FALSE,47,27),
(19,"RT-PCR","20/02/09",FALSE,55,15),
(20,"Antibody","20/05/14",FALSE,17,33),
(21,"Antibody","20/04/16",TRUE,1,3),
(22,"Antibody","19/09/08",TRUE,43,35),
(23,"RT-PCR","19/05/02",FALSE,13,15),
(24,"Antibody","20/04/26",FALSE,19,45),
(25,"Antibody","19/03/24",TRUE,15,32),
(26,"RT-PCR","19/07/24",TRUE,51,27),
(27,"RT-PCR","19/02/08",FALSE,11,25),
(28,"Antibody","19/12/13",FALSE,5,41),
(29,"RT-PCR","20/02/29",FALSE,21,28),
(30,"RT-PCR","19/04/27",FALSE,3,11);


INSERT INTO travelHistory (naiveUserID,country) VALUES (1,"Spain"),(1,"Tonga"),(1,"Samoa"),(2,"Mauritania"),(3,"Mauritania"),(4,"Tonga"),(4,"Moldova"),(5,"Moldova"),(6,"Saint Helena"),(6,"Hong Kong"),(6,"Nauru"),(7,"United Kingdom"),(8,"Tonga"),(9,"Namibia"),(10,"Uganda"),(11,"Japan"),(12,"Japan"),(13,"Japan"),(14,"Uganda"),(15,"Bermuda"),(16,"Sweden"),(17,"Kuwait"),(18,"Sweden"),(19,"Botswana"),(20,"Guadeloupe"),(21,"Andorra"),(22,"Sweden"),(23,"Guinea-Bissau"),(24,"Sweden"),(25,"Congo (Brazzaville)"),(26,"Nauru"),(27,"Australia"),(28,"Hong Kong"),(29,"Afghanistan"),(30,"Eritrea"),(30,"Tonga"),(30,"Moldova"),(30,"Sweden");

INSERT INTO notification (notificationID,infectionRisk,userID) VALUES (1,"Low",43),(2,"High",46),(3,"High",35),(4,"Low",41),(5,"Low",23),(6,"High",38),(7,"Low",51),(8,"High",2),(9,"High",20),(10,"Low",8),(11,"Low",53),(12,"Low",43),(13,"Low",26),(14,"Low",27),(15,"High",26),(16,"Low",30),(17,"Low",18),(18,"High",11),(19,"High",18),(20,"Low",13);


INSERT INTO surveySymptom(surveyID,symptomID) VALUES (16,5),(64,5),(71,2),(79,5),(75,3),(89,4),(13,1),(75,2),(5,1),(54,1),(69,1),(63,1),(70,4),(80,1),(87,3),(31,2),(44,1),(69,3),(82,5),(19,3),(69,5),(3,1),(20,4),(56,4),(17,5),(23,2),(29,3),(54,5),(51,4),(53,5),(21,4),(57,1),(60,3),(18,1),(46,3),(99,1),(98,5),(2,4),(36,1),(33,2),(93,2),(9,1),(14,2),(24,3),(1,2),(98,2),(19,2),(21,5),(80,4),(18,2),(47,5),(70,5),(16,4),(18,3),(78,4),(53,2),(96,5),(66,2),(50,4),(64,2),(36,5),(7,5),(23,4),(17,2),(20,3),(86,5),(82,1),(94,1),(88,4),(79,3),(92,5),(72,1),(93,5),(49,2),(25,4),(77,4),(70,1),(41,3),(68,5),(28,3),(54,3),(73,4),(7,2),(13,5),(80,5),(12,4),(89,1),(74,2),(54,2),(92,4),(66,4),(57,5),(57,2),(6,5),(37,2),(29,1),(19,5),(34,4),(82,3),(12,1);



INSERT INTO GPSlocation (gpsLoc,gpsLat,gpsLong,date) VALUES (1,"75.91984","-82.76092","2019/07/23"),(2,"-82.13104","-52.32533","2020/12/24"),(3,"48.20789","-60.55012","2019/12/17"),(4,"59.61063","102.95259","2019/12/30"),(5,"-43.77527","68.16807","2020/11/13"),(6,"-39.92929","-111.88721","2020/12/25"),(7,"-1.56397","149.40818","2020/05/09"),(8,"72.83798","-39.1541","2019/10/03"),(9,"-49.63451","-11.8104","2020/08/28"),(10,"32.96381","-150.27592","2019/12/19"),(11,"4.64652","-152.92716","2020/09/12"),(12,"-40.65336","36.1346","2020/09/01"),(13,"76.59822","106.89581","2021/07/13"),(14,"41.61546","164.14345","2021/02/18"),(15,"26.70643","140.04021","2019/11/22"),(16,"84.69205","-103.02192","2020/01/18"),(17,"-49.81898","133.86445","2021/06/11"),(18,"8.707","-73.66042","2019/10/22"),(19,"80.83845","106.22414","2020/11/28"),(20,"-26.39023","139.71786","2019/08/06"),(21,"34.33087","51.40516","2021/06/09"),(22,"-23.81368","-51.23531","2021/02/21"),(23,"40.91063","-27.64492","2020/07/31"),(24,"-10.7447","-61.75365","2021/03/11"),(25,"25.98275","7.22283","2019/10/09"),(26,"47.40403","131.83584","2019/11/26"),(27,"78.34765","119.32233","2021/01/27"),(28,"-48.91373","5.04966","2021/04/05"),(29,"-28.25186","87.90185","2020/05/14"),(30,"-60.09244","-37.13552","2020/07/23"),(31,"-16.51556","-114.87132","2020/01/31"),(32,"16.46011","19.13727","2020/01/13"),(33,"58.04976","-136.77602","2020/09/24"),(34,"-8.50529","21.97334","2020/11/14"),(35,"-66.11257","-118.58261","2021/01/17"),(36,"72.80562","16.0031","2020/05/02"),(37,"25.93288","-123.03317","2019/11/18"),(38,"72.96491","53.69371","2021/03/24"),(39,"71.38772","-13.41369","2020/06/18"),(40,"-85.07369","-72.85218","2019/08/19"),(41,"42.66143","-125.40327","2021/03/15"),(42,"-61.66599","-45.97661","2020/03/23"),(43,"-4.44785","-37.73313","2019/08/03"),(44,"-30.88621","141.73702","2021/06/03"),(45,"75.31317","129.15727","2019/10/31"),(46,"-3.55569","127.14962","2021/03/11"),(47,"41.00815","-31.55101","2021/06/26"),(48,"-46.57809","-46.97763","2020/06/08"),(49,"71.46018","-72.53032","2019/11/20"),(50,"-23.76735","-23.67653","2021/02/06"),(51,"-40.16979","60.50474","2021/05/01"),(52,"-84.065","-69.87526","2021/02/20"),(53,"2.52927","-22.16808","2020/09/24"),(54,"65.01415","95.88811","2020/06/09"),(55,"-82.584","-116.06497","2020/01/05"),(56,"-41.56352","-15.56898","2019/12/06"),(57,"45.47667","-134.36162","2019/10/11"),(58,"-7.04582","-158.81157","2020/05/30"),(59,"69.14307","172.13166","2020/08/20"),(60,"-54.52629","-165.80434","2019/07/25"),(61,"59.10089","-117.71569","2020/10/20"),(62,"16.65727","160.13257","2020/04/01"),(63,"74.52323","119.40296","2020/04/09"),(64,"-9.37082","113.09205","2021/01/20"),(65,"45.82957","-133.03992","2019/09/10"),(66,"-3.79178","122.34652","2020/01/22"),(67,"-64.9936","47.12809","2020/05/09"),(68,"36.65986","17.31995","2019/10/03"),(69,"60.24433","-96.00839","2021/01/02"),(70,"14.24258","45.9837","2020/08/06"),(71,"-43.03953","-44.19924","2020/01/12"),(72,"-79.49158","123.94","2021/07/10"),(73,"0.19135","42.46611","2020/01/14"),(74,"-16.47506","72.69531","2020/05/18"),(75,"44.30596","116.3577","2021/01/21"),(76,"22.38534","35.53054","2020/04/05"),(77,"36.54954","-157.57636","2021/05/03"),(78,"12.80588","-139.70483","2020/07/24"),(79,"48.28846","2.42685","2020/12/04"),(80,"-88.56851","177.68607","2021/07/03"),(81,"36.28617","-54.20268","2021/05/08"),(82,"-5.81835","32.87813","2021/07/17"),(83,"-86.95076","-131.54891","2020/10/07"),(84,"-39.09367","54.87402","2019/08/29"),(85,"35.04784","45.12846","2020/05/22"),(86,"33.46338","-166.58094","2021/01/23"),(87,"32.87097","-63.29831","2021/02/26"),(88,"-12.23959","48.43905","2021/04/04"),(89,"4.73731","-134.70426","2020/02/20"),(90,"-50.4811","157.69772","2019/08/24"),(91,"14.27567","67.65175","2021/05/15"),(92,"-89.82479","178.08709","2019/12/28"),(93,"4.86437","33.71197","2019/10/07"),(94,"-22.17532","178.38371","2020/07/09"),(95,"47.30088","-21.70226","2021/07/03"),(96,"28.09098","-79.59329","2019/12/21"),(97,"2.23021","-50.68126","2020/07/03"),(98,"39.21384","-66.0829","2020/04/15"),(99,"-11.21084","-86.89933","2019/11/23"),(100,"88.81142","-148.66055","2020/06/05");

INSERT INTO GPSlocation (gpsLoc,gpsLat,gpsLong,date) VALUES (101,"-60.86692","88.30328","2020/06/28"),(102,"-10.07133","10.01922","2020/09/02"),(103,"-20.57039","120.26619","2020/08/10"),(104,"15.03212","-133.47676","2020/06/14"),(105,"64.46163","104.5652","2020/04/25"),(106,"36.08749","-124.26787","2020/04/30"),(107,"51.82541","-130.12101","2020/11/09"),(108,"51.95781","0.92539","2019/09/08"),(109,"-9.67763","47.84544","2021/05/26"),(110,"-58.4499","-59.62892","2021/04/03"),(111,"-25.39682","132.98279","2021/01/07"),(112,"9.28646","2.96429","2020/12/14"),(113,"-45.03444","11.47298","2020/08/16"),(114,"30.23505","158.22061","2020/03/30"),(115,"-39.7737","116.12503","2020/10/22"),(116,"-17.39221","-35.24267","2021/04/08"),(117,"-87.38894","168.76219","2021/01/30"),(118,"49.01838","-49.03044","2021/07/06"),(119,"51.36634","167.59244","2020/01/30"),(120,"-18.4036","-3.58351","2020/05/16"),(121,"18.30435","-155.45658","2019/10/04"),(122,"-55.86278","103.24659","2019/12/28"),(123,"-85.96642","-127.08869","2020/06/06"),(124,"85.68261","-15.44333","2020/06/11"),(125,"-31.72895","80.59441","2021/04/05"),(126,"67.87851","-56.12078","2021/06/25"),(127,"-21.38463","-54.35991","2019/11/29"),(128,"-35.81288","37.15938","2020/05/20"),(129,"-56.85797","94.08396","2019/09/24"),(130,"13.92614","139.85979","2020/04/27"),(131,"-62.49228","-122.22476","2019/12/27"),(132,"21.37228","-146.77416","2020/04/08"),(133,"-22.33555","-36.0698","2020/10/18"),(134,"-44.13716","63.5896","2020/04/21"),(135,"38.15998","58.15046","2021/04/09"),(136,"-20.64717","147.66678","2019/12/26"),(137,"13.21091","29.56597","2019/12/13"),(138,"67.74881","-79.61796","2019/12/22"),(139,"59.91214","5.00892","2019/12/07"),(140,"86.66287","22.99641","2020/06/07"),(141,"37.9513","-177.92369","2021/07/06"),(142,"-9.17699","145.71141","2021/05/08"),(143,"-32.12316","-53.7629","2021/04/21"),(144,"12.90771","167.86645","2021/03/21"),(145,"-89.10865","72.51499","2020/03/06"),(146,"-36.55803","102.17776","2020/04/23"),(147,"1.96175","-46.75946","2019/09/24"),(148,"49.9764","-85.26802","2020/12/27"),(149,"-83.5383","-151.87732","2020/07/09"),(150,"-43.28469","-65.77469","2021/06/16"),(151,"-87.20021","36.1843","2019/08/20"),(152,"42.13282","-136.80416","2020/11/16"),(153,"-38.09131","30.61971","2021/06/25"),(154,"-38.71916","-156.81858","2020/03/07"),(155,"71.86923","-124.88442","2020/02/19"),(156,"-40.86145","-32.07445","2021/05/11"),(157,"-74.55723","106.97317","2020/02/19"),(158,"33.76518","176.36264","2020/06/25"),(159,"-34.22236","55.12889","2021/04/22"),(160,"21.61868","-75.46545","2020/06/28"),(161,"10.51884","43.61717","2019/09/18"),(162,"-73.32222","69.55287","2020/07/01"),(163,"-50.3354","61.50503","2021/05/16"),(164,"31.29444","91.97619","2021/04/18"),(165,"-48.59649","87.5764","2020/11/24"),(166,"-27.58789","68.4644","2020/01/18"),(167,"-57.14719","-103.43544","2020/05/15"),(168,"-31.34708","0.56957","2020/06/21"),(169,"-31.69499","24.58768","2019/09/05"),(170,"-1.96799","-114.94906","2019/12/24"),(171,"35.81632","-161.29804","2020/08/08"),(172,"21.38231","-116.52053","2020/06/14"),(173,"-72.25895","-52.01626","2020/05/06"),(174,"1.88978","-21.19278","2020/09/17"),(175,"-36.02594","-156.6478","2020/10/25"),(176,"13.98907","170.20834","2019/10/06"),(177,"-2.20259","4.92872","2021/02/27"),(178,"-75.87547","-125.38452","2020/04/04"),(179,"33.63709","43.36051","2020/08/27"),(180,"-77.85008","-37.23965","2020/05/05"),(181,"28.16899","112.24571","2021/06/22"),(182,"-39.56857","-96.61502","2020/01/15"),(183,"-55.99027","47.02428","2020/10/26"),(184,"-61.37317","131.98893","2020/07/01"),(185,"70.62488","41.32137","2021/01/12"),(186,"-6.55863","88.26598","2020/11/25"),(187,"70.85474","0.31093","2020/09/23"),(188,"-31.42654","78.38191","2021/06/30"),(189,"25.45478","51.42443","2020/03/03"),(190,"-9.76937","-121.90085","2020/02/29"),(191,"-3.7452","-107.15608","2020/08/28"),(192,"-72.92098","97.79615","2020/06/29"),(193,"61.16689","125.1009","2020/03/19"),(194,"59.03511","-65.54656","2020/05/16"),(195,"52.10685","142.92803","2020/02/04"),(196,"21.65426","-70.04235","2019/08/22"),(197,"-33.73585","89.90811","2020/07/03"),(198,"19.36868","153.58916","2020/02/05"),(199,"-20.04365","165.97484","2020/07/01");


INSERT INTO tracker (trackerID,gpsLoc,naiveUserID) VALUES (1,174,20),(2,174,23),(3,174,10),(4,174,5),(5,153,44),(6,26,1),(7,26,40),(8,34,23),(9,42,3),(10,49,30),(11,30,24),(12,18,3),(13,47,36),(14,36,36),(15,86,39),(16,115,3),(17,42,46),(18,131,26),(19,68,38),(20,52,35),(21,92,13),(22,198,8),(23,58,3),(24,95,21),(25,67,4),(26,7,35),(27,154,3),(28,188,23),(29,116,55),(30,185,54),(31,89,19),(32,59,30),(33,79,33),(34,168,9),(35,186,49),(36,54,5),(37,54,40),(38,39,9),(39,18,55),(40,159,49),(41,106,10),(42,84,21),(43,58,4),(44,108,55),(45,48,27),(46,181,7),(47,5,54),(48,164,12),(49,31,40),(50,94,53),(51,184,19),(52,30,17),(53,95,27),(54,175,22),(55,193,5),(56,55,28),(57,140,15),(58,138,24),(59,26,14),(60,69,34),(61,35,3),(62,108,35),(63,123,47),(64,89,22),(65,184,40),(66,127,3),(67,117,3),(68,133,3),(69,81,46),(70,53,41),(71,105,40),(72,83,32),(73,101,44),(74,23,3),(75,47,3),(76,168,36),(77,96,35),(78,26,15),(79,61,21),(80,129,36),(81,103,5),(82,189,3),(83,31,22),(84,58,4),(85,73,13),(86,71,26),(87,190,24),(88,26,19),(89,79,31),(90,162,53),(91,96,37),(92,151,47),(93,134,52),(94,26,4),(95,73,19),(96,38,3),(97,73,40),(98,150,7),(99,39,39),(100,71,28);

INSERT INTO tracker (trackerID,gpsLoc,naiveUserID) VALUES (101,184,4),(102,109,46),(103,31,26),(104,111,2),(105,74,36),(106,168,9),(107,71,36),(108,198,34),(109,89,31),(110,110,8),(111,25,3),(112,169,50),(113,101,34),(114,120,5),(115,189,3),(116,177,34),(117,86,36),(118,76,3),(119,42,31),(120,77,42),(121,25,38),(122,172,6),(123,29,28),(124,25,36),(125,188,3),(126,98,42),(127,119,53),(128,116,5),(129,166,50),(130,180,55),(131,82,12),(132,76,11),(133,163,22),(134,104,46),(135,160,34),(136,144,53),(137,197,9),(138,107,46),(139,89,12),(140,75,17),(141,191,27),(142,106,31),(143,36,22),(144,136,5),(145,61,37),(146,14,55),(147,18,46),(148,24,44),(149,22,36),(150,184,14),(151,55,4),(152,47,26),(153,74,25),(154,89,28),(155,55,3),(156,66,13),(157,38,24),(158,39,5),(159,118,52),(160,33,38),(161,143,12),(162,69,26),(163,160,40),(164,72,33),(165,117,41),(166,154,40),(167,138,4),(168,179,8),(169,162,46),(170,41,14),(171,148,36),(172,179,5),(173,50,13),(174,139,7),(175,140,7),(176,105,47),(177,51,35),(178,127,40),(179,127,49),(180,64,10),(181,96,28),(182,117,21),(183,150,52),(184,134,44),(185,198,13),(186,20,43),(187,120,4),(188,95,53),(189,163,4),(190,79,40),(191,119,3),(192,89,46),(193,180,14),(194,143,41),(195,193,26),(196,126,26),(197,167,36),(198,24,36),(199,103,27);

INSERT INTO tracker (trackerID,gpsLoc,naiveUserID) VALUES (200,67,4),(201,65,3),(202,19,10),(203,151,4),(204,74,36),(205,46,6),(206,24,24),(207,31,21),(208,44,13),(209,106,3),(210,70,21),(211,134,3),(212,22,26),(213,89,31),(214,113,4),(215,64,52),(216,172,41),(217,154,21),(218,180,37),(219,27,35),(220,191,4),(221,138,6),(222,143,3),(223,39,46),(224,181,53),(225,108,18),(226,48,46),(227,46,31),(228,145,54),(229,11,3),(230,17,46),(231,44,4),(232,91,46),(233,165,4),(234,45,4),(235,104,36),(236,79,55),(237,121,34),(238,179,21),(239,48,4),(240,69,34),(241,88,22),(242,114,5),(243,48,19),(244,19,52),(245,2,53),(246,152,9),(247,53,30),(248,73,5),(249,63,4),(250,43,4),(251,126,36),(252,33,46),(253,64,25),(254,152,26),(255,148,3),(256,25,36),(257,101,3),(258,195,11),(259,129,32),(260,147,53),(261,183,17),(262,156,25),(263,98,46),(264,153,44),(265,190,41),(266,90,34),(267,62,21),(268,130,4),(269,165,3),(270,94,36),(271,107,36),(272,131,8),(273,78,36),(274,144,54),(275,166,47),(276,95,52),(277,24,4),(278,22,44),(279,26,52),(280,14,28),(281,167,39),(282,61,12),(283,64,41),(284,57,19),(285,174,24),(286,48,18),(287,57,13),(288,91,39),(289,91,17),(290,45,3),(291,156,14),(292,192,12),(293,159,30),(294,5,36),(295,43,30),(296,180,37),(297,153,25),(298,187,28),(299,161,3);

























